CREATE DATABASE  IF NOT EXISTS `tms` /*!40100 DEFAULT CHARACTER SET utf8mb4 COLLATE utf8mb4_0900_ai_ci */ /*!80016 DEFAULT ENCRYPTION='N' */;
USE `tms`;
-- MySQL dump 10.13  Distrib 8.0.38, for Win64 (x86_64)
--
-- Host: 127.0.0.1    Database: tms
-- ------------------------------------------------------
-- Server version	8.0.38

/*!40101 SET @OLD_CHARACTER_SET_CLIENT=@@CHARACTER_SET_CLIENT */;
/*!40101 SET @OLD_CHARACTER_SET_RESULTS=@@CHARACTER_SET_RESULTS */;
/*!40101 SET @OLD_COLLATION_CONNECTION=@@COLLATION_CONNECTION */;
/*!50503 SET NAMES utf8 */;
/*!40103 SET @OLD_TIME_ZONE=@@TIME_ZONE */;
/*!40103 SET TIME_ZONE='+00:00' */;
/*!40014 SET @OLD_UNIQUE_CHECKS=@@UNIQUE_CHECKS, UNIQUE_CHECKS=0 */;
/*!40014 SET @OLD_FOREIGN_KEY_CHECKS=@@FOREIGN_KEY_CHECKS, FOREIGN_KEY_CHECKS=0 */;
/*!40101 SET @OLD_SQL_MODE=@@SQL_MODE, SQL_MODE='NO_AUTO_VALUE_ON_ZERO' */;
/*!40111 SET @OLD_SQL_NOTES=@@SQL_NOTES, SQL_NOTES=0 */;

--
-- Table structure for table `application`
--

DROP TABLE IF EXISTS `application`;
/*!40101 SET @saved_cs_client     = @@character_set_client */;
/*!50503 SET character_set_client = utf8mb4 */;
CREATE TABLE `application` (
  `app_acronym` varchar(255) COLLATE utf8mb4_unicode_ci NOT NULL,
  `app_rnumber` int NOT NULL,
  `app_description` varchar(500) COLLATE utf8mb4_unicode_ci DEFAULT NULL,
  `app_startDate` datetime NOT NULL,
  `app_endDate` datetime NOT NULL,
  `app_permit_create` varchar(255) COLLATE utf8mb4_unicode_ci DEFAULT NULL,
  `app_permit_open` varchar(255) COLLATE utf8mb4_unicode_ci DEFAULT NULL,
  `app_permit_toDoList` varchar(255) COLLATE utf8mb4_unicode_ci DEFAULT NULL,
  `app_permit_doing` varchar(255) COLLATE utf8mb4_unicode_ci DEFAULT NULL,
  `app_permit_done` varchar(255) COLLATE utf8mb4_unicode_ci DEFAULT NULL,
  PRIMARY KEY (`app_acronym`)
) ENGINE=InnoDB DEFAULT CHARSET=utf8mb4 COLLATE=utf8mb4_unicode_ci;
/*!40101 SET character_set_client = @saved_cs_client */;

--
-- Dumping data for table `application`
--

LOCK TABLES `application` WRITE;
/*!40000 ALTER TABLE `application` DISABLE KEYS */;
INSERT INTO `application` VALUES ('app1',17,'This is a sample hello description.','2023-12-14 00:00:00','2023-12-25 00:00:00','projectlead','projectlead','projectlead','projectlead','projectlead'),('app2',25,'This is a sample application description.','2023-01-01 00:00:00','2023-12-31 00:00:00','projectlead','projectlead','projectlead','projectlead','projectlead'),('app3',20,'this is a sample projects','2024-07-30 00:00:00','2024-08-11 00:00:00','developer','projectlead','projectlead','projectlead','projectlead'),('app4',46,'testtesttest','2024-08-06 00:00:00','2024-08-13 00:00:00','projectlead','projectlead','projectlead','projectlead','projectlead'),('birdpark',10,'i love birds\n\ni love going to bird park\n\nwow there are alot of birds','2024-08-15 00:00:00','2024-08-16 00:00:00','devops','projectlead','developer','developer','projectmanager'),('jkkg',7,'jk','2024-08-08 00:00:00','2024-08-16 00:00:00','','','','',''),('php_app',18,'for assignment 3','2024-08-22 00:00:00','2024-08-29 00:00:00','projectlead','projectlead','projectlead','projectlead','projectlead'),('ssdsd',1,'asdada','2024-08-14 00:00:00','2024-08-13 00:00:00','','','','',''),('ssss',30,'sasdad','2024-08-06 00:00:00','2024-08-06 00:00:00','developer','developer','productowner','productowner','productowner'),('tresbien',0,'asdasdad','2024-08-15 00:00:00','2024-08-21 00:00:00','','','','','');
/*!40000 ALTER TABLE `application` ENABLE KEYS */;
UNLOCK TABLES;

--
-- Table structure for table `plan`
--

DROP TABLE IF EXISTS `plan`;
/*!40101 SET @saved_cs_client     = @@character_set_client */;
/*!50503 SET character_set_client = utf8mb4 */;
CREATE TABLE `plan` (
  `plan_mvp_name` varchar(255) COLLATE utf8mb4_unicode_ci NOT NULL,
  `plan_startDate` datetime DEFAULT NULL,
  `plan_endDate` datetime DEFAULT NULL,
  `plan_app_acronym` varchar(255) COLLATE utf8mb4_unicode_ci NOT NULL,
  PRIMARY KEY (`plan_mvp_name`,`plan_app_acronym`),
  KEY `plan_app_acronym` (`plan_app_acronym`),
  CONSTRAINT `plan_ibfk_1` FOREIGN KEY (`plan_app_acronym`) REFERENCES `application` (`app_acronym`)
) ENGINE=InnoDB DEFAULT CHARSET=utf8mb4 COLLATE=utf8mb4_unicode_ci;
/*!40101 SET character_set_client = @saved_cs_client */;

--
-- Dumping data for table `plan`
--

LOCK TABLES `plan` WRITE;
/*!40000 ALTER TABLE `plan` DISABLE KEYS */;
INSERT INTO `plan` VALUES ('JYVUFY HVJH','2024-07-31 00:00:00','2024-08-09 00:00:00','jkkg'),('pokemon','2024-08-15 00:00:00','2024-08-16 00:00:00','app1'),('profile1','2024-08-02 00:00:00','2024-08-22 00:00:00','app2'),('Profile2','2024-08-12 00:00:00','2024-08-19 00:00:00','app2'),('Schedule1','2023-12-13 00:00:00','2023-12-13 00:00:00','app1'),('schedule2','2024-08-08 00:00:00','2024-08-14 00:00:00','app1'),('schedule3','2024-08-21 00:00:00','2024-08-28 00:00:00','app1'),('sprint 1','2024-08-15 00:00:00','2024-08-15 00:00:00','app1'),('sprint 1','2024-08-15 00:00:00','2024-08-22 00:00:00','birdpark'),('sprint 2','2024-08-15 00:00:00','2024-08-22 00:00:00','birdpark'),('sprint 3','2024-08-15 00:00:00','2024-08-16 00:00:00','birdpark'),('sssssss','2024-08-07 00:00:00','2024-08-21 00:00:00','app1'),('Start Meeting','2024-08-14 00:00:00','2024-08-15 00:00:00','app1');
/*!40000 ALTER TABLE `plan` ENABLE KEYS */;
UNLOCK TABLES;

--
-- Table structure for table `task`
--

DROP TABLE IF EXISTS `task`;
/*!40101 SET @saved_cs_client     = @@character_set_client */;
/*!50503 SET character_set_client = utf8mb4 */;
CREATE TABLE `task` (
  `task_id` varchar(255) COLLATE utf8mb4_unicode_ci NOT NULL,
  `task_name` varchar(255) COLLATE utf8mb4_unicode_ci NOT NULL,
  `task_description` varchar(500) COLLATE utf8mb4_unicode_ci DEFAULT NULL,
  `task_plan` varchar(255) COLLATE utf8mb4_unicode_ci DEFAULT NULL,
  `task_app_acronym` varchar(255) COLLATE utf8mb4_unicode_ci NOT NULL,
  `task_state` varchar(255) COLLATE utf8mb4_unicode_ci NOT NULL,
  `task_creator` varchar(50) COLLATE utf8mb4_unicode_ci NOT NULL,
  `task_owner` varchar(50) COLLATE utf8mb4_unicode_ci NOT NULL,
  `task_createDate` datetime NOT NULL,
  PRIMARY KEY (`task_id`),
  KEY `task_plan` (`task_plan`,`task_app_acronym`),
  KEY `task_creator` (`task_creator`),
  KEY `task_owner` (`task_owner`),
  KEY `task_app_acronym` (`task_app_acronym`),
  CONSTRAINT `task_ibfk_1` FOREIGN KEY (`task_plan`, `task_app_acronym`) REFERENCES `plan` (`plan_mvp_name`, `plan_app_acronym`),
  CONSTRAINT `task_ibfk_2` FOREIGN KEY (`task_creator`) REFERENCES `user` (`username`),
  CONSTRAINT `task_ibfk_3` FOREIGN KEY (`task_owner`) REFERENCES `user` (`username`),
  CONSTRAINT `task_ibfk_4` FOREIGN KEY (`task_app_acronym`) REFERENCES `application` (`app_acronym`)
) ENGINE=InnoDB DEFAULT CHARSET=utf8mb4 COLLATE=utf8mb4_unicode_ci;
/*!40101 SET character_set_client = @saved_cs_client */;

--
-- Dumping data for table `task`
--

LOCK TABLES `task` WRITE;
/*!40000 ALTER TABLE `task` DISABLE KEYS */;
INSERT INTO `task` VALUES ('app1_10','ssdsd','asdads',NULL,'app1','done','dev1','projectlead','2024-08-14 10:10:36'),('app1_11','asdasd','asdas',NULL,'app1','done','dev1','dev1','2024-08-14 10:10:39'),('app1_12','eeeeehawwww','sdzdsaas',NULL,'app1','doing','dev1','dev1','2024-08-14 10:12:09'),('app1_13','Frontend','efawvetertsertsertseryeryaergaergaerrterwgewrqrewreewetewweqetwewqetterethre','Schedule1','app1','closed','dev1','dev1','2024-08-14 12:17:08'),('app1_14','asdasd','sadasssssss','sprint 1','app1','open','dev1','dev1','2024-08-14 15:23:46'),('app1_15','New Task Example','This is a detailed description of the new task.',NULL,'app1','todo','projectlead','projectlead','2024-08-19 15:06:20'),('app1_16','New Task Example','This is a detailed description of the new task.',NULL,'app1','open','projectlead','projectlead','2024-08-19 15:09:36'),('app1_17','New Task Examples 2',NULL,NULL,'app1','open','projectlead','projectlead','2024-08-19 15:10:54'),('app1_5','Create Table','lorem ipsum','Schedule1','app1','closed','dev1','dev1','2024-08-12 15:16:23'),('app1_6','Create Button','sfsgdhgdfh','schedule2','app1','closed','dev1','dev1','2024-08-13 09:03:28'),('app1_7','Lorem Ipsum','Lorem Ipsum is simply dummy text of the printing and typesetting industry. Lorem Ipsum has ','schedule2','app1','done','dev1','dev1','2024-08-13 10:44:08'),('app1_8','create page','I love to code, i love to debug','Schedule1','app1','todo','dev1','dev1','2024-08-13 12:35:15'),('app1_9','Delete Page','abracadabra','schedule3','app1','closed','dev1','dev2','2024-08-13 15:10:53'),('app2_18','create chair','testtest','profile1','app2','open','dev1','dev1','2024-08-13 12:35:52'),('app2_19','create chair','testtest','profile1','app2','todo','dev1','dev1','2024-08-15 09:47:19'),('app2_20','testing phase','',NULL,'app2','open','projectlead','projectlead','2024-08-21 06:13:14'),('app2_21','testing phase','',NULL,'app2','done','projectlead','projectlead','2024-08-21 06:13:47'),('app2_22','testing phase','',NULL,'app2','done','projectlead','projectlead','2024-08-21 14:15:21'),('app2_23','testing phase','',NULL,'app2','open','projectlead','projectlead','2024-08-21 16:42:54'),('app2_24','testing phase','',NULL,'app2','open','projectlead','projectlead','2024-08-21 16:47:17'),('app2_25','testing phase','',NULL,'app2','open','projectlead','projectlead','2024-08-21 16:49:00'),('app4_41','asdasdas','asdasd',NULL,'app4','open','projectlead','projectlead','2024-08-15 18:09:18'),('app4_42','asdasdasd','asdassd',NULL,'app4','open','projectlead','projectlead','2024-08-15 18:11:07'),('app4_43','czcascas','ascasca',NULL,'app4','open','projectlead','projectlead','2024-08-15 18:12:04'),('app4_44','create page',NULL,NULL,'app4','open','projectlead','projectlead','2024-08-21 16:52:06'),('app4_45','create page','abcde',NULL,'app4','open','projectlead','projectlead','2024-08-21 16:53:30'),('app4_46','create page','Lorem ipsum dolor sit amet, consectetur adipiscing elit. Sed do eiusmod tempor incididunt ut labore et dolore magna aliqua. Ut enim ad minim veniam, quis nostrud exercitation ullamco laboris nisi ut aliquip ex ea commodo consequat. Duis aute irure dolor in reprehenderit in voluptate velit esse cillum dolore eu fugiat nulla pariatur. Excepteur sint occaecat cupidatat non proident, sunt in culpa qui officia deserunt mollit anim id est laborum. Curabitur pretium tincidunt lacus. Nulla gravida orce.',NULL,'app4','open','projectlead','projectlead','2024-08-21 16:54:14'),('birdpark_10','silver bird','just silver','sprint 1','birdpark','todo','dev1','dev2','2024-08-15 18:00:33'),('birdpark_8','red rooster','red rooster is very red and tasty','sprint 1','birdpark','doing','dev1','projectmanager','2024-08-15 18:00:14'),('birdpark_9','blue bird','sibei blue','sprint 3','birdpark','closed','dev1','projectmanager','2024-08-15 18:00:25'),('php_app_11','task 1','',NULL,'php_app','doing','projectlead','projectlead','2024-08-22 09:20:18'),('php_app_12','task 2','',NULL,'php_app','doing','projectlead','projectlead','2024-08-22 09:20:23'),('php_app_13','task 3','',NULL,'php_app','done','projectlead','projectlead','2024-08-22 09:20:26'),('php_app_14','task 4','',NULL,'php_app','open','projectlead','projectlead','2024-08-22 09:20:29'),('php_app_15','task 5','',NULL,'php_app','open','projectlead','projectlead','2024-08-22 09:20:34'),('php_app_16','task 6','',NULL,'php_app','open','projectlead','projectlead','2024-08-22 09:20:37'),('php_app_17','task 7','test',NULL,'php_app','open','projectlead','projectlead','2024-08-22 09:24:00'),('php_app_18','task 8','',NULL,'php_app','open','projectlead','projectlead','2024-08-22 09:26:25');
/*!40000 ALTER TABLE `task` ENABLE KEYS */;
UNLOCK TABLES;

--
-- Table structure for table `tasknote`
--

DROP TABLE IF EXISTS `tasknote`;
/*!40101 SET @saved_cs_client     = @@character_set_client */;
/*!50503 SET character_set_client = utf8mb4 */;
CREATE TABLE `tasknote` (
  `task_id` varchar(255) COLLATE utf8mb4_unicode_ci NOT NULL,
  `tasknote_created` datetime NOT NULL,
  `notes` text COLLATE utf8mb4_unicode_ci NOT NULL,
  PRIMARY KEY (`task_id`,`tasknote_created`),
  CONSTRAINT `tasknote_ibfk_1` FOREIGN KEY (`task_id`) REFERENCES `task` (`task_id`)
) ENGINE=InnoDB DEFAULT CHARSET=utf8mb4 COLLATE=utf8mb4_unicode_ci;
/*!40101 SET character_set_client = @saved_cs_client */;

--
-- Dumping data for table `tasknote`
--

LOCK TABLES `tasknote` WRITE;
/*!40000 ALTER TABLE `tasknote` DISABLE KEYS */;
INSERT INTO `tasknote` VALUES ('app1_10','2024-08-14 10:10:36','[{\"user\":\"dev1\",\"state\":\"open\",\"date\":\"2024-08-14 10:10:36\",\"message\":\"User dev1 has created the task.\",\"type\":\"system\"}]'),('app1_10','2024-08-14 10:10:42','[{\"user\":\"dev1\",\"state\":\"todo\",\"date\":\"2024-08-14 10:10:42\",\"message\":\"Task given up by dev1\",\"type\":\"system\"}]'),('app1_10','2024-08-14 10:14:25','[{\"user\":\"dev1\",\"state\":\"doing\",\"date\":\"2024-08-14 10:14:25\",\"message\":\"Task taken on by dev1\",\"type\":\"system\"}]'),('app1_10','2024-08-14 10:14:27','[{\"user\":\"dev1\",\"state\":\"done\",\"date\":\"2024-08-14 10:14:27\",\"message\":\"Task submitted by dev1\",\"type\":\"system\"}]'),('app1_10','2024-08-14 10:15:00','[{\"user\":\"dev1\",\"state\":\"doing\",\"date\":\"2024-08-14 10:15:00\",\"message\":\"Task rejected by dev1\",\"type\":\"system\"}]'),('app1_10','2024-08-14 10:15:01','[{\"user\":\"dev1\",\"state\":\"done\",\"date\":\"2024-08-14 10:15:01\",\"message\":\"Task submitted by dev1\",\"type\":\"system\"}]'),('app1_10','2024-08-14 10:16:59','[{\"user\":\"dev1\",\"state\":\"doing\",\"date\":\"2024-08-14 10:16:59\",\"message\":\"Task rejected by dev1\",\"type\":\"system\"}]'),('app1_10','2024-08-14 10:17:01','[{\"user\":\"dev1\",\"state\":\"done\",\"date\":\"2024-08-14 10:17:01\",\"message\":\"Task submitted by dev1\",\"type\":\"system\"}]'),('app1_10','2024-08-14 10:17:20','[{\"user\":\"dev1\",\"state\":\"doing\",\"date\":\"2024-08-14 10:17:20\",\"message\":\"Task rejected by dev1\",\"type\":\"system\"}]'),('app1_10','2024-08-14 10:17:21','[{\"user\":\"dev1\",\"state\":\"done\",\"date\":\"2024-08-14 10:17:21\",\"message\":\"Task submitted by dev1\",\"type\":\"system\"}]'),('app1_10','2024-08-15 11:42:15','[{\"user\":\"dev1\",\"state\":\"open\",\"date\":\"2024-08-15 11:42:15\",\"message\":\"testingggggg\",\"type\":\"system\"}]'),('app1_10','2024-08-15 11:43:42','[{\"user\":\"dev1\",\"state\":\"open\",\"date\":\"2024-08-15 11:43:42\",\"message\":\"testingggggg\",\"type\":\"system\"}]'),('app1_10','2024-08-15 18:44:04','[{\"user\":\"projectlead\",\"state\":\"doing\",\"date\":\"2024-08-15 18:44:04\",\"message\":\"Task rejected by projectlead\",\"type\":\"system\"}]'),('app1_10','2024-08-19 08:46:36','[{\"user\":\"projectlead\",\"state\":\"doing\",\"date\":\"2024-08-19 08:46:36\",\"message\":\"Request for Time Extension: hello\",\"type\":\"user\"}]'),('app1_10','2024-08-19 08:46:37','[{\"user\":\"projectlead\",\"state\":\"done\",\"date\":\"2024-08-19 08:46:37\",\"message\":\"Task submitted by projectlead\",\"type\":\"system\"}]'),('app1_11','2024-08-14 10:10:39','[{\"user\":\"dev1\",\"state\":\"open\",\"date\":\"2024-08-14 10:10:39\",\"message\":\"User dev1 has created the task.\",\"type\":\"system\"}]'),('app1_11','2024-08-14 10:11:35','[{\"user\":\"dev1\",\"state\":\"todo\",\"date\":\"2024-08-14 10:11:35\",\"message\":\"Task given up by dev1\",\"type\":\"system\"}]'),('app1_11','2024-08-15 09:40:29','[{\"user\":\"dev1\",\"state\":\"doing\",\"date\":\"2024-08-15 09:40:29\",\"message\":\"Task taken on by dev1\",\"type\":\"system\"}]'),('app1_11','2024-08-15 09:40:59','[{\"user\":\"dev1\",\"state\":\"todo\",\"date\":\"2024-08-15 09:40:59\",\"message\":\"Task given up by dev1\",\"type\":\"system\"}]'),('app1_11','2024-08-15 13:52:39','[{\"user\":\"dev1\",\"state\":\"todo\",\"date\":\"2024-08-15 13:52:39\",\"message\":\"aiyah\",\"type\":\"user\"}]'),('app1_11','2024-08-15 16:54:21','[{\"user\":\"dev1\",\"state\":\"doing\",\"date\":\"2024-08-15 16:54:21\",\"message\":\"Task taken on by dev1\",\"type\":\"system\"}]'),('app1_11','2024-08-15 16:54:32','[{\"user\":\"dev1\",\"state\":\"doing\",\"date\":\"2024-08-15 16:54:32\",\"message\":\"request for time extension\",\"type\":\"user\"}]'),('app1_11','2024-08-15 16:54:33','[{\"user\":\"dev1\",\"state\":\"done\",\"date\":\"2024-08-15 16:54:33\",\"message\":\"Task submitted by dev1\",\"type\":\"system\"}]'),('app1_12','2024-08-14 10:12:09','[{\"user\":\"dev1\",\"state\":\"open\",\"date\":\"2024-08-14 10:12:09\",\"message\":\"User dev1 has created the task.\",\"type\":\"system\"}]'),('app1_12','2024-08-14 10:12:11','[{\"user\":\"dev1\",\"state\":\"todo\",\"date\":\"2024-08-14 10:12:11\",\"message\":\"Task released by dev1\",\"type\":\"system\"}]'),('app1_12','2024-08-14 15:23:52','[{\"user\":\"dev1\",\"state\":\"doing\",\"date\":\"2024-08-14 15:23:52\",\"message\":\"Task taken on by dev1\",\"type\":\"system\"}]'),('app1_13','2024-08-14 12:17:08','[{\"user\":\"dev1\",\"state\":\"open\",\"date\":\"2024-08-14 12:17:08\",\"message\":\"User dev1 has created the task.\",\"type\":\"system\"}]'),('app1_13','2024-08-14 12:17:58','[{\"user\":\"dev1\",\"state\":\"open\",\"date\":\"2024-08-14 12:17:58\",\"message\":\"gonna release soon\",\"type\":\"user\"}]'),('app1_13','2024-08-14 12:17:59','[{\"user\":\"dev1\",\"state\":\"todo\",\"date\":\"2024-08-14 12:17:59\",\"message\":\"Task released by dev1\",\"type\":\"system\"}]'),('app1_13','2024-08-14 12:19:08','[{\"user\":\"dev1\",\"state\":\"doing\",\"date\":\"2024-08-14 12:19:08\",\"message\":\"Task taken on by dev1\",\"type\":\"system\"}]'),('app1_13','2024-08-14 12:19:40','[{\"user\":\"dev2\",\"state\":\"doing\",\"date\":\"2024-08-14 12:19:40\",\"message\":\"no f u\",\"type\":\"user\"}]'),('app1_13','2024-08-14 12:19:41','[{\"user\":\"dev2\",\"state\":\"todo\",\"date\":\"2024-08-14 12:19:41\",\"message\":\"Task given up by dev2\",\"type\":\"system\"}]'),('app1_13','2024-08-14 12:19:48','[{\"user\":\"dev2\",\"state\":\"doing\",\"date\":\"2024-08-14 12:19:48\",\"message\":\"Task taken on by dev2\",\"type\":\"system\"}]'),('app1_13','2024-08-14 12:19:55','[{\"user\":\"dev2\",\"state\":\"doing\",\"date\":\"2024-08-14 12:19:55\",\"message\":\"ok done\",\"type\":\"user\"}]'),('app1_13','2024-08-14 12:19:56','[{\"user\":\"dev2\",\"state\":\"done\",\"date\":\"2024-08-14 12:19:56\",\"message\":\"Task submitted by dev2\",\"type\":\"system\"}]'),('app1_13','2024-08-14 12:20:32','[{\"user\":\"dev1\",\"state\":\"closed\",\"date\":\"2024-08-14 12:20:32\",\"message\":\"Task closed by dev1\",\"type\":\"system\"}]'),('app1_14','2024-08-14 15:23:46','[{\"user\":\"dev1\",\"state\":\"open\",\"date\":\"2024-08-14 15:23:46\",\"message\":\"User dev1 has created the task.\",\"type\":\"system\"}]'),('app1_14','2024-08-15 11:31:23','[{\"user\":\"dev1\",\"state\":\"open\",\"date\":\"2024-08-15 11:31:23\",\"message\":\"testing testing\",\"type\":\"user\"}]'),('app1_14','2024-08-15 11:31:44','[{\"user\":\"dev1\",\"state\":\"open\",\"date\":\"2024-08-15 11:31:44\",\"message\":\"testtest\",\"type\":\"user\"}]'),('app1_14','2024-08-15 11:32:59','[{\"user\":\"dev1\",\"state\":\"open\",\"date\":\"2024-08-15 11:32:59\",\"message\":\"teste tetet\\n\",\"type\":\"user\"}]'),('app1_14','2024-08-21 15:23:19','[{\"user\":\"projectlead\",\"state\":\"open\",\"date\":\"2024-08-21 15:23:19\",\"message\":\"hello\",\"type\":\"user\"}]'),('app1_15','2024-08-19 15:06:20','[{\"user\":\"projectlead\",\"state\":\"open\",\"date\":\"2024-08-19 15:06:20\",\"message\":\"User projectlead has created the task.\",\"type\":\"system\"}]'),('app1_15','2024-08-21 15:23:08','[{\"user\":\"projectlead\",\"state\":\"todo\",\"date\":\"2024-08-21 15:23:08\",\"message\":\"Task released by projectlead\",\"type\":\"system\"}]'),('app1_16','2024-08-19 15:09:36','[{\"user\":\"projectlead\",\"state\":\"open\",\"date\":\"2024-08-19 15:09:36\",\"message\":\"User projectlead has created the task.\",\"type\":\"system\"}]'),('app1_17','2024-08-19 15:10:54','[{\"user\":\"projectlead\",\"state\":\"open\",\"date\":\"2024-08-19 15:10:54\",\"message\":\"User projectlead has created the task.\",\"type\":\"system\"}]'),('app1_5','2024-08-12 07:17:00','[{\"user\":\"dev1\",\"state\":\"todo\",\"date\":\"2024-08-12 07:17:00\",\"message\":\"Task state changed to todo by dev1\",\"type\":\"system\"}]'),('app1_5','2024-08-12 15:16:23','[{\"user\":\"dev1\",\"state\":\"open\",\"date\":\"2024-08-12 15:16:23\",\"message\":\"User dev1 has created the task.\",\"type\":\"system\"}]'),('app1_5','2024-08-12 15:21:59','[{\"user\":\"dev1\",\"state\":\"todo\",\"date\":\"2024-08-12 15:21:59\",\"message\":\"Task state changed to todo by dev1\",\"type\":\"system\"}]'),('app1_5','2024-08-12 16:52:33','[{\"user\":\"dev1\",\"state\":\"todo\",\"date\":\"2024-08-12 16:52:33\",\"message\":\"hello this is new test\\n\",\"type\":\"user\"}]'),('app1_5','2024-08-12 16:53:24','[{\"user\":\"dev1\",\"state\":\"todo\",\"date\":\"2024-08-12 16:53:24\",\"message\":\"hello test number 2\\n\",\"type\":\"user\"}]'),('app1_5','2024-08-12 16:54:56','[{\"user\":\"dev1\",\"state\":\"todo\",\"date\":\"2024-08-12 16:54:56\",\"message\":\"hello test number 3\",\"type\":\"user\"}]'),('app1_5','2024-08-12 16:55:21','[{\"user\":\"dev1\",\"state\":\"todo\",\"date\":\"2024-08-12 16:55:21\",\"message\":\"hello this is test 3\\n\",\"type\":\"user\"}]'),('app1_5','2024-08-12 16:56:02','[{\"user\":\"dev1\",\"state\":\"todo\",\"date\":\"2024-08-12 16:56:02\",\"message\":\"hello this is test number 4\",\"type\":\"user\"}]'),('app1_5','2024-08-12 23:20:59','[{\"user\":\"dev1\",\"state\":\"doing\",\"date\":\"2024-08-12 23:20:59\",\"message\":\"Task state changed to doing by dev1\",\"type\":\"system\"}]'),('app1_5','2024-08-13 08:22:56','[{\"user\":\"dev1\",\"state\":\"todo\",\"date\":\"2024-08-13 08:22:56\",\"message\":\"Checking 123\\n\",\"type\":\"user\"}]'),('app1_5','2024-08-13 09:07:18','[{\"user\":\"dev1\",\"state\":\"todo\",\"date\":\"2024-08-13 09:07:18\",\"message\":\"testing 123\",\"type\":\"user\"}]'),('app1_5','2024-08-13 09:26:44','[{\"user\":\"dev1\",\"state\":\"doing\",\"date\":\"2024-08-13 09:26:44\",\"message\":\"Task state changed to doing by dev1\",\"type\":\"system\"}]'),('app1_5','2024-08-13 09:27:54','[{\"user\":\"dev1\",\"state\":\"todo\",\"date\":\"2024-08-13 09:27:54\",\"message\":\"Task state changed to todo by dev1\",\"type\":\"system\"}]'),('app1_5','2024-08-13 09:28:45','[{\"user\":\"dev1\",\"state\":\"doing\",\"date\":\"2024-08-13 09:28:45\",\"message\":\"Task state changed to doing by dev1\",\"type\":\"system\"}]'),('app1_5','2024-08-13 09:29:22','[{\"user\":\"dev1\",\"state\":\"todo\",\"date\":\"2024-08-13 09:29:22\",\"message\":\"Task state changed to todo by dev1\",\"type\":\"system\"}]'),('app1_5','2024-08-13 09:29:26','[{\"user\":\"dev1\",\"state\":\"todo\",\"date\":\"2024-08-13 09:29:26\",\"message\":\"Task state changed to todo by dev1\",\"type\":\"system\"}]'),('app1_5','2024-08-13 09:29:30','[{\"user\":\"dev1\",\"state\":\"todo\",\"date\":\"2024-08-13 09:29:30\",\"message\":\"Task state changed to todo by dev1\",\"type\":\"system\"}]'),('app1_5','2024-08-13 09:29:56','[{\"user\":\"dev1\",\"state\":\"doing\",\"date\":\"2024-08-13 09:29:56\",\"message\":\"Task state changed to doing by dev1\",\"type\":\"system\"}]'),('app1_5','2024-08-13 09:30:46','[{\"user\":\"dev1\",\"state\":\"todo\",\"date\":\"2024-08-13 09:30:46\",\"message\":\"Task state changed to todo by dev1\",\"type\":\"system\"}]'),('app1_5','2024-08-13 09:31:22','[{\"user\":\"dev1\",\"state\":\"doing\",\"date\":\"2024-08-13 09:31:22\",\"message\":\"Task state changed to doing by dev1\",\"type\":\"system\"}]'),('app1_5','2024-08-13 09:31:53','[{\"user\":\"dev1\",\"state\":\"todo\",\"date\":\"2024-08-13 09:31:53\",\"message\":\"Task state changed to todo by dev1\",\"type\":\"system\"}]'),('app1_5','2024-08-13 09:31:56','[{\"user\":\"dev1\",\"state\":\"doing\",\"date\":\"2024-08-13 09:31:56\",\"message\":\"Task state changed to doing by dev1\",\"type\":\"system\"}]'),('app1_5','2024-08-13 09:32:09','[{\"user\":\"dev1\",\"state\":\"todo\",\"date\":\"2024-08-13 09:32:09\",\"message\":\"Task state changed to todo by dev1\",\"type\":\"system\"}]'),('app1_5','2024-08-13 09:32:17','[{\"user\":\"dev1\",\"state\":\"doing\",\"date\":\"2024-08-13 09:32:17\",\"message\":\"Task state changed to doing by dev1\",\"type\":\"system\"}]'),('app1_5','2024-08-13 09:32:20','[{\"user\":\"dev1\",\"state\":\"done\",\"date\":\"2024-08-13 09:32:20\",\"message\":\"Task state changed to done by dev1\",\"type\":\"system\"}]'),('app1_5','2024-08-13 09:32:25','[{\"user\":\"dev1\",\"state\":\"doing\",\"date\":\"2024-08-13 09:32:25\",\"message\":\"Task state changed to doing by dev1\",\"type\":\"system\"}]'),('app1_5','2024-08-13 09:33:03','[{\"user\":\"dev1\",\"state\":\"todo\",\"date\":\"2024-08-13 09:33:03\",\"message\":\"Task state changed to todo by dev1\",\"type\":\"system\"}]'),('app1_5','2024-08-13 09:35:49','[{\"user\":\"dev1\",\"state\":\"doing\",\"date\":\"2024-08-13 09:35:49\",\"message\":\"Task state changed to doing by dev1\",\"type\":\"system\"}]'),('app1_5','2024-08-13 09:36:01','[{\"user\":\"dev1\",\"state\":\"doing\",\"date\":\"2024-08-13 09:36:01\",\"message\":\"testing update\",\"type\":\"user\"}]'),('app1_5','2024-08-13 09:38:07','[{\"user\":\"dev1\",\"state\":\"todo\",\"date\":\"2024-08-13 09:38:07\",\"message\":\"Task state changed to todo by dev1\",\"type\":\"system\"}]'),('app1_5','2024-08-13 10:19:10','[{\"user\":\"dev1\",\"state\":\"doing\",\"date\":\"2024-08-13 10:19:10\",\"message\":\"Task state changed to doing by dev1\",\"type\":\"system\"}]'),('app1_5','2024-08-13 10:19:12','[{\"user\":\"dev1\",\"state\":\"done\",\"date\":\"2024-08-13 10:19:12\",\"message\":\"Task state changed to done by dev1\",\"type\":\"system\"}]'),('app1_5','2024-08-13 10:19:27','[{\"user\":\"dev1\",\"state\":\"closed\",\"date\":\"2024-08-13 10:19:27\",\"message\":\"Task state changed to closed by dev1\",\"type\":\"system\"}]'),('app1_6','2024-08-13 09:03:28','[{\"user\":\"dev1\",\"state\":\"open\",\"date\":\"2024-08-13 09:03:28\",\"message\":\"User dev1 has created the task.\",\"type\":\"system\"}]'),('app1_6','2024-08-13 09:55:03','[{\"user\":\"dev1\",\"state\":\"open\",\"date\":\"2024-08-13 09:55:03\",\"message\":\"hello\",\"type\":\"user\"}]'),('app1_6','2024-08-13 10:17:50','[{\"user\":\"dev1\",\"state\":\"open\",\"date\":\"2024-08-13 10:17:50\",\"message\":\"time for you to do more work!\",\"type\":\"user\"}]'),('app1_6','2024-08-13 10:18:38','[{\"user\":\"dev1\",\"state\":\"todo\",\"date\":\"2024-08-13 10:18:38\",\"message\":\"Task state changed to todo by dev1\",\"type\":\"system\"}]'),('app1_6','2024-08-13 12:05:14','[{\"user\":\"dev1\",\"state\":\"doing\",\"date\":\"2024-08-13 12:05:14\",\"message\":\"Task state changed to doing by dev1\",\"type\":\"system\"}]'),('app1_6','2024-08-13 12:05:20','[{\"user\":\"dev1\",\"state\":\"todo\",\"date\":\"2024-08-13 12:05:20\",\"message\":\"Task state changed to todo by dev1\",\"type\":\"system\"}]'),('app1_6','2024-08-13 13:00:52','[{\"user\":\"dev1\",\"state\":\"todo\",\"date\":\"2024-08-13 13:00:52\",\"message\":\"dzdfdsfsfs\",\"type\":\"user\"}]'),('app1_6','2024-08-13 13:02:41','[{\"user\":\"dev1\",\"state\":\"doing\",\"date\":\"2024-08-13 13:02:41\",\"message\":\"Task state changed to doing by dev1\",\"type\":\"system\"}]'),('app1_6','2024-08-13 13:03:06','[{\"user\":\"dev1\",\"state\":\"todo\",\"date\":\"2024-08-13 13:03:06\",\"message\":\"Task state changed to todo by dev1\",\"type\":\"system\"}]'),('app1_6','2024-08-13 13:03:10','[{\"user\":\"dev1\",\"state\":\"todo\",\"date\":\"2024-08-13 13:03:10\",\"message\":\"dsfgfsdfd\",\"type\":\"user\"}]'),('app1_6','2024-08-13 13:03:14','[{\"user\":\"dev1\",\"state\":\"doing\",\"date\":\"2024-08-13 13:03:14\",\"message\":\"Task state changed to doing by dev1\",\"type\":\"system\"}]'),('app1_6','2024-08-13 13:03:19','[{\"user\":\"dev1\",\"state\":\"todo\",\"date\":\"2024-08-13 13:03:19\",\"message\":\"Task state changed to todo by dev1\",\"type\":\"system\"}]'),('app1_6','2024-08-13 13:03:36','[{\"user\":\"dev1\",\"state\":\"doing\",\"date\":\"2024-08-13 13:03:36\",\"message\":\"Task state changed to doing by dev1\",\"type\":\"system\"}]'),('app1_6','2024-08-13 13:07:07','[{\"user\":\"dev1\",\"state\":\"todo\",\"date\":\"2024-08-13 13:07:07\",\"message\":\"Task state changed to todo by dev1\",\"type\":\"system\"}]'),('app1_6','2024-08-13 13:07:45','[{\"user\":\"dev1\",\"state\":\"doing\",\"date\":\"2024-08-13 13:07:45\",\"message\":\"Task state changed to doing by dev1\",\"type\":\"system\"}]'),('app1_6','2024-08-13 13:08:45','[{\"user\":\"dev1\",\"state\":\"todo\",\"date\":\"2024-08-13 13:08:45\",\"message\":\"Task state changed to todo by dev1\",\"type\":\"system\"}]'),('app1_6','2024-08-13 13:11:27','[{\"user\":\"dev1\",\"state\":\"doing\",\"date\":\"2024-08-13 13:11:27\",\"message\":\"Task state changed to doing by dev1\",\"type\":\"system\"}]'),('app1_6','2024-08-13 13:13:16','[{\"user\":\"dev1\",\"state\":\"doing\",\"date\":\"2024-08-13 13:13:16\",\"message\":\"delayyyyyyyyyyyyyyy\",\"type\":\"user\"}]'),('app1_6','2024-08-13 13:13:17','[{\"user\":\"dev1\",\"state\":\"todo\",\"date\":\"2024-08-13 13:13:17\",\"message\":\"Task state changed to todo by dev1\",\"type\":\"system\"}]'),('app1_6','2024-08-13 14:13:41','[{\"user\":\"dev1\",\"state\":\"todo\",\"date\":\"2024-08-13 14:13:41\",\"message\":\"testing out functions\",\"type\":\"user\"}]'),('app1_6','2024-08-13 14:13:42','[{\"user\":\"dev1\",\"state\":\"doing\",\"date\":\"2024-08-13 14:13:42\",\"message\":\"Task state changed to doing by dev1\",\"type\":\"system\"}]'),('app1_6','2024-08-13 14:14:04','[{\"user\":\"dev1\",\"state\":\"todo\",\"date\":\"2024-08-13 14:14:04\",\"message\":\"Task state changed to todo by dev1\",\"type\":\"system\"}]'),('app1_6','2024-08-14 10:09:16','[{\"user\":\"dev1\",\"state\":\"doing\",\"date\":\"2024-08-14 10:09:16\",\"message\":\"Task taken on by dev1\",\"type\":\"system\"}]'),('app1_6','2024-08-14 10:09:21','[{\"user\":\"dev1\",\"state\":\"todo\",\"date\":\"2024-08-14 10:09:21\",\"message\":\"Task given up by dev1\",\"type\":\"system\"}]'),('app1_6','2024-08-14 10:09:23','[{\"user\":\"dev1\",\"state\":\"doing\",\"date\":\"2024-08-14 10:09:23\",\"message\":\"Task taken on by dev1\",\"type\":\"system\"}]'),('app1_6','2024-08-14 10:09:24','[{\"user\":\"dev1\",\"state\":\"done\",\"date\":\"2024-08-14 10:09:24\",\"message\":\"Task submitted by dev1\",\"type\":\"system\"}]'),('app1_6','2024-08-14 10:09:38','[{\"user\":\"dev1\",\"state\":\"doing\",\"date\":\"2024-08-14 10:09:38\",\"message\":\"Task rejected by dev1\",\"type\":\"system\"}]'),('app1_6','2024-08-14 10:09:40','[{\"user\":\"dev1\",\"state\":\"done\",\"date\":\"2024-08-14 10:09:40\",\"message\":\"Task submitted by dev1\",\"type\":\"system\"}]'),('app1_6','2024-08-14 10:09:42','[{\"user\":\"dev1\",\"state\":\"done\",\"date\":\"2024-08-14 10:09:42\",\"message\":\"Task submitted by dev1\",\"type\":\"system\"}]'),('app1_6','2024-08-14 10:09:45','[{\"user\":\"dev1\",\"state\":\"closed\",\"date\":\"2024-08-14 10:09:45\",\"message\":\"Task closed by dev1\",\"type\":\"system\"}]'),('app1_7','2024-08-13 10:44:08','[{\"user\":\"dev1\",\"state\":\"open\",\"date\":\"2024-08-13 10:44:08\",\"message\":\"User dev1 has created the task.\",\"type\":\"system\"}]'),('app1_7','2024-08-13 11:04:03','[{\"user\":\"dev1\",\"state\":\"open\",\"date\":\"2024-08-13 11:04:03\",\"message\":\"Testing 123\",\"type\":\"user\"}]'),('app1_7','2024-08-13 11:08:59','[{\"user\":\"dev1\",\"state\":\"open\",\"date\":\"2024-08-13 11:08:59\",\"message\":\"dfgrergrgerf\",\"type\":\"user\"}]'),('app1_7','2024-08-13 11:09:55','[{\"user\":\"dev1\",\"state\":\"open\",\"date\":\"2024-08-13 11:09:55\",\"message\":\"hello\",\"type\":\"user\"}]'),('app1_7','2024-08-13 11:37:07','[{\"user\":\"dev1\",\"state\":\"open\",\"date\":\"2024-08-13 11:37:07\",\"message\":\"hello\",\"type\":\"user\"}]'),('app1_7','2024-08-13 11:37:24','[{\"user\":\"dev1\",\"state\":\"open\",\"date\":\"2024-08-13 11:37:24\",\"message\":\"check\",\"type\":\"user\"}]'),('app1_7','2024-08-13 12:40:59','[{\"user\":\"dev1\",\"state\":\"open\",\"date\":\"2024-08-13 12:40:59\",\"message\":\"hellooooooo\",\"type\":\"user\"}]'),('app1_7','2024-08-13 12:41:11','[{\"user\":\"dev1\",\"state\":\"todo\",\"date\":\"2024-08-13 12:41:11\",\"message\":\"Task state changed to todo by dev1\",\"type\":\"system\"}]'),('app1_7','2024-08-13 12:41:21','[{\"user\":\"dev1\",\"state\":\"todo\",\"date\":\"2024-08-13 12:41:21\",\"message\":\"im taking this task\",\"type\":\"user\"}]'),('app1_7','2024-08-13 12:43:42','[{\"user\":\"dev1\",\"state\":\"doing\",\"date\":\"2024-08-13 12:43:42\",\"message\":\"Task state changed to doing by dev1\",\"type\":\"system\"}]'),('app1_7','2024-08-13 12:44:01','[{\"user\":\"dev1\",\"state\":\"doing\",\"date\":\"2024-08-13 12:44:01\",\"message\":\"sdfsfsf\",\"type\":\"user\"}]'),('app1_7','2024-08-13 12:57:16','[{\"user\":\"dev1\",\"state\":\"doing\",\"date\":\"2024-08-13 12:57:16\",\"message\":\"ddddd\",\"type\":\"user\"}]'),('app1_7','2024-08-13 13:00:09','[{\"user\":\"dev1\",\"state\":\"doing\",\"date\":\"2024-08-13 13:00:09\",\"message\":\"dfghgf\",\"type\":\"user\"}]'),('app1_7','2024-08-13 13:00:29','[{\"user\":\"dev1\",\"state\":\"doing\",\"date\":\"2024-08-13 13:00:29\",\"message\":\"dfgfdsfsfs\",\"type\":\"user\"}]'),('app1_7','2024-08-13 13:56:17','[{\"user\":\"dev1\",\"state\":\"todo\",\"date\":\"2024-08-13 13:56:17\",\"message\":\"Task state changed to todo by dev1\",\"type\":\"system\"}]'),('app1_7','2024-08-13 13:56:23','[{\"user\":\"dev1\",\"state\":\"doing\",\"date\":\"2024-08-13 13:56:23\",\"message\":\"Task state changed to doing by dev1\",\"type\":\"system\"}]'),('app1_7','2024-08-14 09:27:32','[{\"user\":\"dev1\",\"state\":\"done\",\"date\":\"2024-08-14 09:27:32\",\"message\":\"Task state changed to done by dev1\",\"type\":\"system\"}]'),('app1_7','2024-08-14 09:28:38','[{\"user\":\"dev1\",\"state\":\"doing\",\"date\":\"2024-08-14 09:28:38\",\"message\":\"Task state changed to doing by dev1\",\"type\":\"system\"}]'),('app1_7','2024-08-14 09:28:40','[{\"user\":\"dev1\",\"state\":\"done\",\"date\":\"2024-08-14 09:28:40\",\"message\":\"Task state changed to done by dev1\",\"type\":\"system\"}]'),('app1_7','2024-08-14 09:33:57','[{\"user\":\"dev1\",\"state\":\"doing\",\"date\":\"2024-08-14 09:33:57\",\"message\":\"Task state changed to doing by dev1\",\"type\":\"system\"}]'),('app1_7','2024-08-14 09:34:04','[{\"user\":\"dev1\",\"state\":\"done\",\"date\":\"2024-08-14 09:34:04\",\"message\":\"Task state changed to done by dev1\",\"type\":\"system\"}]'),('app1_7','2024-08-14 09:36:01','[{\"user\":\"dev1\",\"state\":\"doing\",\"date\":\"2024-08-14 09:36:01\",\"message\":\"Task state changed to doing by dev1\",\"type\":\"system\"}]'),('app1_7','2024-08-14 09:36:04','[{\"user\":\"dev1\",\"state\":\"done\",\"date\":\"2024-08-14 09:36:04\",\"message\":\"Task state changed to done by dev1\",\"type\":\"system\"}]'),('app1_7','2024-08-14 09:38:02','[{\"user\":\"dev1\",\"state\":\"doing\",\"date\":\"2024-08-14 09:38:02\",\"message\":\"Task state changed to doing by dev1\",\"type\":\"system\"}]'),('app1_7','2024-08-14 09:38:03','[{\"user\":\"dev1\",\"state\":\"done\",\"date\":\"2024-08-14 09:38:03\",\"message\":\"Task state changed to done by dev1\",\"type\":\"system\"}]'),('app1_7','2024-08-14 09:41:16','[{\"user\":\"dev1\",\"state\":\"doing\",\"date\":\"2024-08-14 09:41:16\",\"message\":\"Task state changed to doing by dev1\",\"type\":\"system\"}]'),('app1_7','2024-08-14 09:41:18','[{\"user\":\"dev1\",\"state\":\"done\",\"date\":\"2024-08-14 09:41:18\",\"message\":\"Task state changed to done by dev1\",\"type\":\"system\"}]'),('app1_7','2024-08-14 09:41:37','[{\"user\":\"dev1\",\"state\":\"doing\",\"date\":\"2024-08-14 09:41:37\",\"message\":\"Task state changed to doing by dev1\",\"type\":\"system\"}]'),('app1_7','2024-08-14 09:41:39','[{\"user\":\"dev1\",\"state\":\"done\",\"date\":\"2024-08-14 09:41:39\",\"message\":\"Task state changed to done by dev1\",\"type\":\"system\"}]'),('app1_7','2024-08-14 09:42:05','[{\"user\":\"dev1\",\"state\":\"doing\",\"date\":\"2024-08-14 09:42:05\",\"message\":\"Task state changed to doing by dev1\",\"type\":\"system\"}]'),('app1_7','2024-08-14 09:42:06','[{\"user\":\"dev1\",\"state\":\"done\",\"date\":\"2024-08-14 09:42:06\",\"message\":\"Task state changed to done by dev1\",\"type\":\"system\"}]'),('app1_7','2024-08-14 09:42:53','[{\"user\":\"dev1\",\"state\":\"doing\",\"date\":\"2024-08-14 09:42:53\",\"message\":\"Task state changed to doing by dev1\",\"type\":\"system\"}]'),('app1_7','2024-08-14 09:43:05','[{\"user\":\"dev1\",\"state\":\"done\",\"date\":\"2024-08-14 09:43:05\",\"message\":\"Task state changed to done by dev1\",\"type\":\"system\"}]'),('app1_7','2024-08-14 09:48:20','[{\"user\":\"dev1\",\"state\":\"doing\",\"date\":\"2024-08-14 09:48:20\",\"message\":\"Task state changed to doing by dev1\",\"type\":\"system\"}]'),('app1_7','2024-08-14 09:48:22','[{\"user\":\"dev1\",\"state\":\"done\",\"date\":\"2024-08-14 09:48:22\",\"message\":\"Task state changed to done by dev1\",\"type\":\"system\"}]'),('app1_7','2024-08-14 09:48:54','[{\"user\":\"dev1\",\"state\":\"doing\",\"date\":\"2024-08-14 09:48:54\",\"message\":\"Task state changed to doing by dev1\",\"type\":\"system\"}]'),('app1_7','2024-08-14 09:48:56','[{\"user\":\"dev1\",\"state\":\"done\",\"date\":\"2024-08-14 09:48:56\",\"message\":\"Task state changed to done by dev1\",\"type\":\"system\"}]'),('app1_7','2024-08-14 09:52:38','[{\"user\":\"dev1\",\"state\":\"doing\",\"date\":\"2024-08-14 09:52:38\",\"message\":\"Task state changed to doing by dev1\",\"type\":\"system\"}]'),('app1_7','2024-08-14 09:52:39','[{\"user\":\"dev1\",\"state\":\"done\",\"date\":\"2024-08-14 09:52:39\",\"message\":\"Task state changed to done by dev1\",\"type\":\"system\"}]'),('app1_7','2024-08-14 09:53:04','[{\"user\":\"dev1\",\"state\":\"done\",\"date\":\"2024-08-14 09:53:04\",\"message\":\"Task state changed to done by dev1\",\"type\":\"system\"}]'),('app1_7','2024-08-14 09:53:52','[{\"user\":\"dev1\",\"state\":\"doing\",\"date\":\"2024-08-14 09:53:52\",\"message\":\"Task state changed to doing by dev1\",\"type\":\"system\"}]'),('app1_7','2024-08-14 09:53:54','[{\"user\":\"dev1\",\"state\":\"done\",\"date\":\"2024-08-14 09:53:54\",\"message\":\"Task state changed to done by dev1\",\"type\":\"system\"}]'),('app1_7','2024-08-14 09:55:12','[{\"user\":\"dev1\",\"state\":\"doing\",\"date\":\"2024-08-14 09:55:12\",\"message\":\"Task state changed to doing by dev1\",\"type\":\"system\"}]'),('app1_7','2024-08-14 09:55:13','[{\"user\":\"dev1\",\"state\":\"done\",\"date\":\"2024-08-14 09:55:13\",\"message\":\"Task state changed to done by dev1\",\"type\":\"system\"}]'),('app1_7','2024-08-14 09:55:37','[{\"user\":\"dev1\",\"state\":\"doing\",\"date\":\"2024-08-14 09:55:37\",\"message\":\"Task state changed to doing by dev1\",\"type\":\"system\"}]'),('app1_7','2024-08-14 09:55:43','[{\"user\":\"dev1\",\"state\":\"done\",\"date\":\"2024-08-14 09:55:43\",\"message\":\"Task state changed to done by dev1\",\"type\":\"system\"}]'),('app1_7','2024-08-15 08:50:52','[{\"user\":\"dev1\",\"state\":\"doing\",\"date\":\"2024-08-15 08:50:52\",\"message\":\"Task rejected by dev1\",\"type\":\"system\"}]'),('app1_7','2024-08-15 08:50:57','[{\"user\":\"dev1\",\"state\":\"done\",\"date\":\"2024-08-15 08:50:57\",\"message\":\"Task submitted by dev1\",\"type\":\"system\"}]'),('app1_7','2024-08-15 08:51:35','[{\"user\":\"dev1\",\"state\":\"doing\",\"date\":\"2024-08-15 08:51:35\",\"message\":\"Task rejected by dev1\",\"type\":\"system\"}]'),('app1_7','2024-08-15 08:51:37','[{\"user\":\"dev1\",\"state\":\"done\",\"date\":\"2024-08-15 08:51:37\",\"message\":\"Task submitted by dev1\",\"type\":\"system\"}]'),('app1_7','2024-08-15 09:02:59','[{\"user\":\"dev1\",\"state\":\"done\",\"date\":\"2024-08-15 09:02:59\",\"message\":\"gihgv\",\"type\":\"user\"}]'),('app1_7','2024-08-15 09:03:09','[{\"user\":\"dev1\",\"state\":\"done\",\"date\":\"2024-08-15 09:03:09\",\"message\":\"reject\",\"type\":\"user\"}]'),('app1_7','2024-08-15 09:03:10','[{\"user\":\"dev1\",\"state\":\"doing\",\"date\":\"2024-08-15 09:03:10\",\"message\":\"Task rejected by dev1\",\"type\":\"system\"}]'),('app1_7','2024-08-21 14:25:40','[{\"user\":\"projectlead\",\"state\":\"done\",\"date\":\"2024-08-21 14:25:40\",\"message\":\"Task submitted by projectlead\",\"type\":\"system\"}]'),('app1_7','2024-08-21 14:34:08','[{\"user\":\"projectlead\",\"state\":\"done\",\"date\":\"2024-08-21 14:34:08\",\"message\":\"Task submitted by projectlead\",\"type\":\"system\"}]'),('app1_7','2024-08-21 14:35:16','[{\"user\":\"projectlead\",\"state\":\"done\",\"date\":\"2024-08-21 14:35:16\",\"message\":\"Task submitted by projectlead\",\"type\":\"system\"}]'),('app1_7','2024-08-21 14:35:31','[{\"user\":\"projectlead\",\"state\":\"done\",\"date\":\"2024-08-21 14:35:31\",\"message\":\"Task submitted by projectlead\",\"type\":\"system\"}]'),('app1_7','2024-08-21 14:35:43','[{\"user\":\"projectlead\",\"state\":\"done\",\"date\":\"2024-08-21 14:35:43\",\"message\":\"Task submitted by projectlead\",\"type\":\"system\"}]'),('app1_7','2024-08-21 14:41:31','[{\"user\":\"projectlead\",\"state\":\"done\",\"date\":\"2024-08-21 14:41:31\",\"message\":\"Task submitted by projectlead\",\"type\":\"system\"}]'),('app1_7','2024-08-21 14:41:46','[{\"user\":\"projectlead\",\"state\":\"done\",\"date\":\"2024-08-21 14:41:46\",\"message\":\"Task submitted by projectlead\",\"type\":\"system\"}]'),('app1_7','2024-08-21 14:41:50','[{\"user\":\"projectlead\",\"state\":\"done\",\"date\":\"2024-08-21 14:41:50\",\"message\":\"Task submitted by projectlead\",\"type\":\"system\"}]'),('app1_7','2024-08-21 14:42:28','[{\"user\":\"projectlead\",\"state\":\"done\",\"date\":\"2024-08-21 14:42:28\",\"message\":\"Task submitted by projectlead\",\"type\":\"system\"}]'),('app1_7','2024-08-21 14:44:07','[{\"user\":\"projectlead\",\"state\":\"done\",\"date\":\"2024-08-21 14:44:07\",\"message\":\"Task submitted by projectlead\",\"type\":\"system\"}]'),('app1_7','2024-08-21 14:45:04','[{\"user\":\"projectlead\",\"state\":\"done\",\"date\":\"2024-08-21 14:45:04\",\"message\":\"Task submitted by projectlead\",\"type\":\"system\"}]'),('app1_8','2024-08-13 12:35:15','[{\"user\":\"dev1\",\"state\":\"open\",\"date\":\"2024-08-13 12:35:15\",\"message\":\"User dev1 has created the task.\",\"type\":\"system\"}]'),('app1_8','2024-08-13 14:04:54','[{\"user\":\"dev1\",\"state\":\"open\",\"date\":\"2024-08-13 14:04:54\",\"message\":\"test\\n\",\"type\":\"user\"}]'),('app1_8','2024-08-13 14:05:20','[{\"user\":\"dev1\",\"state\":\"open\",\"date\":\"2024-08-13 14:05:20\",\"message\":\"test\",\"type\":\"user\"}]'),('app1_8','2024-08-13 14:05:22','[{\"user\":\"dev1\",\"state\":\"open\",\"date\":\"2024-08-13 14:05:22\",\"message\":\"test\",\"type\":\"user\"}]'),('app1_8','2024-08-14 10:09:51','[{\"user\":\"dev1\",\"state\":\"todo\",\"date\":\"2024-08-14 10:09:51\",\"message\":\"Task given up by dev1\",\"type\":\"system\"}]'),('app1_9','2024-08-13 15:10:53','[{\"user\":\"dev1\",\"state\":\"open\",\"date\":\"2024-08-13 15:10:53\",\"message\":\"User dev1 has created the task.\",\"type\":\"system\"}]'),('app1_9','2024-08-13 15:11:08','[{\"user\":\"dev1\",\"state\":\"todo\",\"date\":\"2024-08-13 15:11:08\",\"message\":\"Task state changed to todo by dev1\",\"type\":\"system\"}]'),('app1_9','2024-08-13 15:11:33','[{\"user\":\"dev2\",\"state\":\"todo\",\"date\":\"2024-08-13 15:11:33\",\"message\":\"i will do this task\",\"type\":\"user\"}]'),('app1_9','2024-08-13 15:11:34','[{\"user\":\"dev2\",\"state\":\"doing\",\"date\":\"2024-08-13 15:11:34\",\"message\":\"Task state changed to doing by dev2\",\"type\":\"system\"}]'),('app1_9','2024-08-13 15:12:01','[{\"user\":\"dev1\",\"state\":\"doing\",\"date\":\"2024-08-13 15:12:01\",\"message\":\"no u shall not pass\",\"type\":\"user\"}]'),('app1_9','2024-08-13 15:12:02','[{\"user\":\"dev1\",\"state\":\"todo\",\"date\":\"2024-08-13 15:12:02\",\"message\":\"Task state changed to todo by dev1\",\"type\":\"system\"}]'),('app1_9','2024-08-13 15:12:05','[{\"user\":\"dev1\",\"state\":\"doing\",\"date\":\"2024-08-13 15:12:05\",\"message\":\"Task state changed to doing by dev1\",\"type\":\"system\"}]'),('app1_9','2024-08-13 15:12:38','[{\"user\":\"dev1\",\"state\":\"doing\",\"date\":\"2024-08-13 15:12:38\",\"message\":\"finished\",\"type\":\"user\"}]'),('app1_9','2024-08-13 15:12:39','[{\"user\":\"dev1\",\"state\":\"done\",\"date\":\"2024-08-13 15:12:39\",\"message\":\"Task state changed to done by dev1\",\"type\":\"system\"}]'),('app1_9','2024-08-13 15:13:10','[{\"user\":\"dev2\",\"state\":\"done\",\"date\":\"2024-08-13 15:13:10\",\"message\":\"okay i approve\",\"type\":\"user\"}]'),('app1_9','2024-08-13 15:13:11','[{\"user\":\"dev2\",\"state\":\"closed\",\"date\":\"2024-08-13 15:13:11\",\"message\":\"Task state changed to closed by dev2\",\"type\":\"system\"}]'),('app2_18','2024-08-13 12:35:52','[{\"user\":\"dev1\",\"state\":\"open\",\"date\":\"2024-08-13 12:35:52\",\"message\":\"User dev1 has created the task.\",\"type\":\"system\"}]'),('app2_19','2024-08-15 09:47:19','[{\"user\":\"dev1\",\"state\":\"open\",\"date\":\"2024-08-15 09:47:19\",\"message\":\"User dev1 has created the task.\",\"type\":\"system\"}]'),('app2_19','2024-08-15 09:49:20','[{\"user\":\"dev1\",\"state\":\"doing\",\"date\":\"2024-08-15 09:49:20\",\"message\":\"Task taken on by dev1\",\"type\":\"system\"}]'),('app2_19','2024-08-15 09:52:34','[{\"user\":\"dev1\",\"state\":\"todo\",\"date\":\"2024-08-15 09:52:34\",\"message\":\"Task given up by dev1\",\"type\":\"system\"}]'),('app2_20','2024-08-21 06:13:14','[{\"user\":\"projectlead\",\"state\":\"open\",\"date\":\"2024-08-21 06:13:14\",\"message\":\"User projectlead has created the task.\",\"type\":\"system\"}]'),('app2_21','2024-08-21 06:13:47','[{\"user\":\"projectlead\",\"state\":\"open\",\"date\":\"2024-08-21 06:13:47\",\"message\":\"User projectlead has created the task.\",\"type\":\"system\"}]'),('app2_21','2024-08-21 14:55:35','[{\"user\":\"projectlead\",\"state\":\"done\",\"date\":\"2024-08-21 14:55:35\",\"message\":\"Task submitted by projectlead\",\"type\":\"system\"}]'),('app2_21','2024-08-21 14:56:39','[{\"user\":\"projectlead\",\"state\":\"done\",\"date\":\"2024-08-21 14:56:39\",\"message\":\"Task submitted by projectlead\",\"type\":\"system\"}]'),('app2_21','2024-08-21 14:57:22','[{\"user\":\"projectlead\",\"state\":\"done\",\"date\":\"2024-08-21 14:57:22\",\"message\":\"Task submitted by projectlead\",\"type\":\"system\"}]'),('app2_21','2024-08-21 14:57:44','[{\"user\":\"projectlead\",\"state\":\"done\",\"date\":\"2024-08-21 14:57:44\",\"message\":\"Task submitted by projectlead\",\"type\":\"system\"}]'),('app2_22','2024-08-21 14:15:21','[{\"user\":\"projectlead\",\"state\":\"open\",\"date\":\"2024-08-21 14:15:21\",\"message\":\"User projectlead has created the task.\",\"type\":\"system\"}]'),('app2_22','2024-08-21 14:46:33','[{\"user\":\"projectlead\",\"state\":\"done\",\"date\":\"2024-08-21 14:46:33\",\"message\":\"Task submitted by projectlead\",\"type\":\"system\"}]'),('app2_23','2024-08-21 16:42:54','[{\"user\":\"projectlead\",\"state\":\"open\",\"date\":\"2024-08-21 16:42:54\",\"message\":\"User projectlead has created the task.\",\"type\":\"system\"}]'),('app2_24','2024-08-21 16:47:17','[{\"user\":\"projectlead\",\"state\":\"open\",\"date\":\"2024-08-21 16:47:17\",\"message\":\"User projectlead has created the task.\",\"type\":\"system\"}]'),('app2_25','2024-08-21 16:49:00','[{\"user\":\"projectlead\",\"state\":\"open\",\"date\":\"2024-08-21 16:49:00\",\"message\":\"User projectlead has created the task.\",\"type\":\"system\"}]'),('app4_41','2024-08-15 18:09:18','[{\"user\":\"projectlead\",\"state\":\"open\",\"date\":\"2024-08-15 18:09:18\",\"message\":\"User projectlead has created the task.\",\"type\":\"system\"}]'),('app4_42','2024-08-15 18:11:07','[{\"user\":\"projectlead\",\"state\":\"open\",\"date\":\"2024-08-15 18:11:07\",\"message\":\"User projectlead has created the task.\",\"type\":\"system\"}]'),('app4_43','2024-08-15 18:12:04','[{\"user\":\"projectlead\",\"state\":\"open\",\"date\":\"2024-08-15 18:12:04\",\"message\":\"User projectlead has created the task.\",\"type\":\"system\"}]'),('app4_44','2024-08-21 16:52:06','[{\"user\":\"projectlead\",\"state\":\"open\",\"date\":\"2024-08-21 16:52:06\",\"message\":\"User projectlead has created the task.\",\"type\":\"system\"}]'),('app4_45','2024-08-21 16:53:30','[{\"user\":\"projectlead\",\"state\":\"open\",\"date\":\"2024-08-21 16:53:30\",\"message\":\"User projectlead has created the task.\",\"type\":\"system\"}]'),('app4_46','2024-08-21 16:54:14','[{\"user\":\"projectlead\",\"state\":\"open\",\"date\":\"2024-08-21 16:54:14\",\"message\":\"User projectlead has created the task.\",\"type\":\"system\"}]'),('birdpark_10','2024-08-15 18:00:33','[{\"user\":\"dev1\",\"state\":\"open\",\"date\":\"2024-08-15 18:00:33\",\"message\":\"User dev1 has created the task.\",\"type\":\"system\"}]'),('birdpark_10','2024-08-15 18:40:13','[{\"user\":\"projectlead\",\"state\":\"todo\",\"date\":\"2024-08-15 18:40:13\",\"message\":\"Task released by projectlead\",\"type\":\"system\"}]'),('birdpark_10','2024-08-15 18:40:38','[{\"user\":\"dev2\",\"state\":\"doing\",\"date\":\"2024-08-15 18:40:38\",\"message\":\"Task taken on by dev2\",\"type\":\"system\"}]'),('birdpark_10','2024-08-15 18:40:47','[{\"user\":\"dev2\",\"state\":\"todo\",\"date\":\"2024-08-15 18:40:47\",\"message\":\"Task given up by dev2\",\"type\":\"system\"}]'),('birdpark_8','2024-08-15 18:00:14','[{\"user\":\"dev1\",\"state\":\"open\",\"date\":\"2024-08-15 18:00:14\",\"message\":\"User dev1 has created the task.\",\"type\":\"system\"}]'),('birdpark_8','2024-08-15 18:40:14','[{\"user\":\"projectlead\",\"state\":\"todo\",\"date\":\"2024-08-15 18:40:14\",\"message\":\"Task released by projectlead\",\"type\":\"system\"}]'),('birdpark_8','2024-08-15 18:40:39','[{\"user\":\"dev2\",\"state\":\"doing\",\"date\":\"2024-08-15 18:40:39\",\"message\":\"Task taken on by dev2\",\"type\":\"system\"}]'),('birdpark_8','2024-08-15 18:41:01','[{\"user\":\"dev2\",\"state\":\"doing\",\"date\":\"2024-08-15 18:41:01\",\"message\":\"i do not have time to work on this anymore\",\"type\":\"user\"}]'),('birdpark_8','2024-08-15 18:41:02','[{\"user\":\"dev2\",\"state\":\"done\",\"date\":\"2024-08-15 18:41:02\",\"message\":\"Task submitted by dev2\",\"type\":\"system\"}]'),('birdpark_8','2024-08-15 18:42:58','[{\"user\":\"projectmanager\",\"state\":\"doing\",\"date\":\"2024-08-15 18:42:58\",\"message\":\"Task rejected by projectmanager\",\"type\":\"system\"}]'),('birdpark_9','2024-08-15 18:00:25','[{\"user\":\"dev1\",\"state\":\"open\",\"date\":\"2024-08-15 18:00:25\",\"message\":\"User dev1 has created the task.\",\"type\":\"system\"}]'),('birdpark_9','2024-08-15 18:40:11','[{\"user\":\"projectlead\",\"state\":\"todo\",\"date\":\"2024-08-15 18:40:11\",\"message\":\"Task released by projectlead\",\"type\":\"system\"}]'),('birdpark_9','2024-08-15 18:40:41','[{\"user\":\"dev2\",\"state\":\"doing\",\"date\":\"2024-08-15 18:40:41\",\"message\":\"Task taken on by dev2\",\"type\":\"system\"}]'),('birdpark_9','2024-08-15 18:41:11','[{\"user\":\"dev2\",\"state\":\"done\",\"date\":\"2024-08-15 18:41:11\",\"message\":\"Task submitted by dev2\",\"type\":\"system\"}]'),('birdpark_9','2024-08-15 18:43:06','[{\"user\":\"projectmanager\",\"state\":\"closed\",\"date\":\"2024-08-15 18:43:06\",\"message\":\"Task closed by projectmanager\",\"type\":\"system\"}]'),('php_app_11','2024-08-22 09:20:18','[{\"user\":\"projectlead\",\"state\":\"open\",\"date\":\"2024-08-22 09:20:18\",\"message\":\"User projectlead has created the task.\",\"type\":\"system\"}]'),('php_app_11','2024-08-22 09:22:05','[{\"user\":\"projectlead\",\"state\":\"todo\",\"date\":\"2024-08-22 09:22:05\",\"message\":\"Task released by projectlead\",\"type\":\"system\"}]'),('php_app_11','2024-08-22 09:22:13','[{\"user\":\"projectlead\",\"state\":\"doing\",\"date\":\"2024-08-22 09:22:13\",\"message\":\"Task taken on by projectlead\",\"type\":\"system\"}]'),('php_app_12','2024-08-22 09:20:23','[{\"user\":\"projectlead\",\"state\":\"open\",\"date\":\"2024-08-22 09:20:23\",\"message\":\"User projectlead has created the task.\",\"type\":\"system\"}]'),('php_app_12','2024-08-22 09:22:08','[{\"user\":\"projectlead\",\"state\":\"todo\",\"date\":\"2024-08-22 09:22:08\",\"message\":\"Task released by projectlead\",\"type\":\"system\"}]'),('php_app_12','2024-08-22 09:22:15','[{\"user\":\"projectlead\",\"state\":\"doing\",\"date\":\"2024-08-22 09:22:15\",\"message\":\"Task taken on by projectlead\",\"type\":\"system\"}]'),('php_app_13','2024-08-22 09:20:26','[{\"user\":\"projectlead\",\"state\":\"open\",\"date\":\"2024-08-22 09:20:26\",\"message\":\"User projectlead has created the task.\",\"type\":\"system\"}]'),('php_app_13','2024-08-22 09:22:10','[{\"user\":\"projectlead\",\"state\":\"todo\",\"date\":\"2024-08-22 09:22:10\",\"message\":\"Task released by projectlead\",\"type\":\"system\"}]'),('php_app_13','2024-08-22 09:22:16','[{\"user\":\"projectlead\",\"state\":\"doing\",\"date\":\"2024-08-22 09:22:16\",\"message\":\"Task taken on by projectlead\",\"type\":\"system\"}]'),('php_app_13','2024-08-22 09:22:45','[{\"user\":\"projectlead\",\"state\":\"done\",\"date\":\"2024-08-22 09:22:45\",\"message\":\"Task submitted by projectlead\",\"type\":\"system\"}]'),('php_app_14','2024-08-22 09:20:29','[{\"user\":\"projectlead\",\"state\":\"open\",\"date\":\"2024-08-22 09:20:29\",\"message\":\"User projectlead has created the task.\",\"type\":\"system\"}]'),('php_app_15','2024-08-22 09:20:34','[{\"user\":\"projectlead\",\"state\":\"open\",\"date\":\"2024-08-22 09:20:34\",\"message\":\"User projectlead has created the task.\",\"type\":\"system\"}]'),('php_app_16','2024-08-22 09:20:37','[{\"user\":\"projectlead\",\"state\":\"open\",\"date\":\"2024-08-22 09:20:37\",\"message\":\"User projectlead has created the task.\",\"type\":\"system\"}]'),('php_app_17','2024-08-22 09:24:00','[{\"user\":\"projectlead\",\"state\":\"open\",\"date\":\"2024-08-22 09:24:00\",\"message\":\"User projectlead has created the task.\",\"type\":\"system\"}]'),('php_app_18','2024-08-22 09:26:25','[{\"user\":\"projectlead\",\"state\":\"open\",\"date\":\"2024-08-22 09:26:25\",\"message\":\"User projectlead has created the task.\",\"type\":\"system\"}]');
/*!40000 ALTER TABLE `tasknote` ENABLE KEYS */;
UNLOCK TABLES;

--
-- Table structure for table `user`
--

DROP TABLE IF EXISTS `user`;
/*!40101 SET @saved_cs_client     = @@character_set_client */;
/*!50503 SET character_set_client = utf8mb4 */;
CREATE TABLE `user` (
  `username` varchar(50) COLLATE utf8mb4_unicode_ci NOT NULL,
  `password` varchar(255) COLLATE utf8mb4_unicode_ci NOT NULL,
  `email` varchar(255) COLLATE utf8mb4_unicode_ci DEFAULT NULL,
  `disabled` tinyint(1) DEFAULT NULL,
  PRIMARY KEY (`username`)
) ENGINE=InnoDB DEFAULT CHARSET=utf8mb4 COLLATE=utf8mb4_unicode_ci;
/*!40101 SET character_set_client = @saved_cs_client */;

--
-- Dumping data for table `user`
--

LOCK TABLES `user` WRITE;
/*!40000 ALTER TABLE `user` DISABLE KEYS */;
INSERT INTO `user` VALUES ('admin','$2a$10$4U2wcgyjhV9rLVdF5/iBceBHr4.ZwA2wsCilJV4az/3VRslYX8URm','admin@gmail.co',0),('dev1','$2a$10$EADUJNljXPo/xNwhKbAF4OafdDCuVjrdZ7/m50NnWnP75LbFAGrE2','seantmh@gmail.com',0),('dev2','$2a$10$2b3Ma/mzqCIYc8NuRy4FveRaJwpXiY2iZMq.6VBm9IpfkmbIwJMIi','dev2@gmail.com',0),('dev3','$2a$10$HtWKCEOPOXl.sVNaEc7M3Oo20OzZo59CC/it935X58exOqbUsqXx6','dev3@gmail.com',0),('disableduser','$2a$10$ed6./ZDgQHGWjyktZn4C6OmcAySwRcpGesCMvWyZAWFddHgwYKC.O','disabled@gmail.com',1),('projectlead','$2a$10$ezPzh9jP0g3/0cAJ3dyY0OkY9BMQdQY0z2jRWMDUY1iv1TC3ynhFu','pl@gmail.com',0),('projectmanager','$2a$10$.ja3NTi69HnYx4cva4WdfeWVMZdfoizzrgSqOybtQOjwIrJZ4X21m','pm@gmail.com',0);
/*!40000 ALTER TABLE `user` ENABLE KEYS */;
UNLOCK TABLES;

--
-- Table structure for table `usergroup`
--

DROP TABLE IF EXISTS `usergroup`;
/*!40101 SET @saved_cs_client     = @@character_set_client */;
/*!50503 SET character_set_client = utf8mb4 */;
CREATE TABLE `usergroup` (
  `username` varchar(255) COLLATE utf8mb4_unicode_ci NOT NULL DEFAULT '-',
  `group_name` varchar(255) COLLATE utf8mb4_unicode_ci NOT NULL,
  PRIMARY KEY (`username`,`group_name`)
) ENGINE=InnoDB DEFAULT CHARSET=utf8mb4 COLLATE=utf8mb4_unicode_ci;
/*!40101 SET character_set_client = @saved_cs_client */;

--
-- Dumping data for table `usergroup`
--

LOCK TABLES `usergroup` WRITE;
/*!40000 ALTER TABLE `usergroup` DISABLE KEYS */;
INSERT INTO `usergroup` VALUES ('-','admin'),('-','developer'),('-','devops'),('-','productowner'),('-','projectlead'),('-','projectmanager'),('admin','admin'),('dev1','devops'),('dev2','developer'),('dev3','developer'),('projectlead','projectlead'),('projectmanager','projectmanager');
/*!40000 ALTER TABLE `usergroup` ENABLE KEYS */;
UNLOCK TABLES;
/*!40103 SET TIME_ZONE=@OLD_TIME_ZONE */;

/*!40101 SET SQL_MODE=@OLD_SQL_MODE */;
/*!40014 SET FOREIGN_KEY_CHECKS=@OLD_FOREIGN_KEY_CHECKS */;
/*!40014 SET UNIQUE_CHECKS=@OLD_UNIQUE_CHECKS */;
/*!40101 SET CHARACTER_SET_CLIENT=@OLD_CHARACTER_SET_CLIENT */;
/*!40101 SET CHARACTER_SET_RESULTS=@OLD_CHARACTER_SET_RESULTS */;
/*!40101 SET COLLATION_CONNECTION=@OLD_COLLATION_CONNECTION */;
/*!40111 SET SQL_NOTES=@OLD_SQL_NOTES */;

-- Dump completed on 2024-08-22 12:28:08
